#	Page	Element	Issue	Severity	Expected	Actual	Suggested Fix	Task Update / Pending Status
1	Products / Detail	Request Bulk Quote Button	Form submission allowed without client-side quantity/message validation if logged in	High	Quantity and message fields should be required with visual error hints	Form attempts submission with empty fields	Add HTML5 required attribute & Angular Reactive/Template validation state checks	Completed
2	Global Navigation	nav-list links	"Missing aria-current=""page"" attribute on active router link"	Medium	Screen readers announce active page link	Active link has visual style only (.active class)	"Add routerLinkActive=""active"" [routerLinkActiveOptions]=""{exact: true}"" aria-current=""page"""	Completed
3	Global Header	Mobile Menu Drawer (.nav-mobile)	Focus trapped inside drawer when mobile menu is open	Medium	Keyboard Tab navigation stays contained within mobile nav	Focus can tab out to hidden body content behind drawer	Add focus-trap directive or container tabindex management when isMenuOpen() is true	Completed
4	Home Page	Leaflet Map Popup	Popup close button (.leaflet-popup-close-button) contrast ratio is low against white background	Low	Close button contrast ratio >= 4.5:1	Dark grey link color has ~3.2:1 contrast ratio	Apply color: #0F172A !important; in map.scss popup override	Completed
5	Admin Dashboard	Data Tables (.dash-table)	Table container lacks horizontal scroll indicator on tablet/mobile screens	Medium	Visual gradient scroll hint or scrollbar indicates overflow content	Table truncates rightmost action buttons silently until swiped	Add .table-responsive { overflow-x: auto; -webkit-overflow-scrolling: touch; } with edge shadow scrim	Completed
6	Home Page	FAQ Accordion (.faq-header)	Question headers lack explicit aria-expanded attributes	Low	Screen readers announce expanded/collapsed state	Accordion relies solely on CSS class .active	"Bind [attr.aria-expanded]=""activeFaqIndex() === i"" on button elements"	Completed
7	Product Detail	Image Thumbnails (.thumb-btn)	Keyboard focus outline is subtle on white glass surface	Low	High contrast focus ring for keyboard navigation	Default browser focus outline low contrast against backdrop	Add :focus-visible { outline: 2px solid var(--secondary-color); outline-offset: 2px; }	Completed
8	Gallery	Lightbox Modal (.lightbox-overlay)	Pressing Escape key does not close open lightbox modal	Medium	Escape key closes active image lightbox	Modal remains open until close button or backdrop is clicked	Add @HostListener('document:keydown.escape') listener in gallery.ts	Completed
9	Contact	Form Inputs (.form-control)	Missing explicit id/for association on certain custom select labels	Low	Label for attribute matches input id	Label relies on wrapping parent container	"Ensure explicit for=""productInterest"" and id=""productInterest"" on form fields"	Completed
10	Admin Dashboard	KPI Metric Cards (.metric-card)	Focus indicator missing when navigating metric cards via keyboard	Low	Keyboard navigation highlights active metric card	Cards focusable via click only	"Add tabindex=""0"" and :focus-visible ring on .metric-card elements"	Completed
